{
  "path": "vanilla/fertilizers/bone_meal_fertilizer.json",
  "version": "1.16.4",
  "json_documentation": "https://agridocs.readthedocs.io/en/master/agri_fertilizer/",
  "enabled": true,
  "mods": [
    "agricraft",
    "minecraft"
  ],
  "id": "vanilla:bone_meal_fertilizer",
  "lang_key": "item.minecraft.bone_meal",
  "variants": [
    {
      "type": "item",
      "object": "minecraft:bone_meal",
      "useTag": false,
      "data": "",
      "ignoredData": [
        "*"
      ]
    }
  ],
  "trigger_mutation": true,
  "trigger_weeds": true,
  "potency": 1,
  "effect": {
    "reduce_growth": true,
    "kill_plant": true,
    "negatively_affected": {
      "blacklist": false,
      "plant_list": []
    },
    "positively_affected": {
      "blacklist": true,
      "plant_list": [
        "resource:aurigold_plant",
        "resource:carbonation_plant",
        "resource:cuprosia_plant",
        "resource:diamahlia_plant",
        "resource:eneryllis_plant",
        "resource:ferranium_plant",
        "resource:jaslumine_plant",
        "resource:lapender_plant",
        "resource:niccissus_plant",
        "resource:nitorwart_plant",
        "resource:osmonium_plant",
        "resource:petinia_plant",
        "resource:platiolus_plant",
        "resource:plombean_plant",
        "resource:quartzanthemum_plant",
        "resource:redstodendron_plant",
        "mysticalagriculture:air_plant",
        "mysticalagriculture:aluminum_plant",
        "mysticalagriculture:apatite_plant",
        "mysticalagriculture:aquamarine_plant",
        "mysticalagriculture:basalt_plant",
        "mysticalagriculture:basalz_plant",
        "mysticalagriculture:blaze_plant",
        "mysticalagriculture:blazing_crystal_plant",
        "mysticalagriculture:blitz_plant",
        "mysticalagriculture:blizz_plant",
        "mysticalagriculture:brass_plant",
        "mysticalagriculture:bronze_plant",
        "mysticalagriculture:certus_quartz_plant",
        "mysticalagriculture:chicken_plant",
        "mysticalagriculture:chrome_plant",
        "mysticalagriculture:coal_plant",
        "mysticalagriculture:cobalt_plant",
        "mysticalagriculture:compressed_iron_plant",
        "mysticalagriculture:constantan_plant",
        "mysticalagriculture:copper_plant",
        "mysticalagriculture:coral_plant",
        "mysticalagriculture:cow_plant",
        "mysticalagriculture:creeper_plant",
        "mysticalagriculture:cyanite_plant",
        "mysticalagriculture:diamond_plant",
        "mysticalagriculture:dirt_plant",
        "mysticalagriculture:dye_plant",
        "mysticalagriculture:earth_plant",
        "mysticalagriculture:electrum_plant",
        "mysticalagriculture:elementium_plant",
        "mysticalagriculture:emerald_plant",
        "mysticalagriculture:end_plant",
        "mysticalagriculture:ender_biotite_plant",
        "mysticalagriculture:enderium_plant",
        "mysticalagriculture:enderman_plant",
        "mysticalagriculture:energized_steel_plant",
        "mysticalagriculture:experience_plant",
        "mysticalagriculture:fiery_ingot_plant",
        "mysticalagriculture:fire_plant",
        "mysticalagriculture:fish_plant",
        "mysticalagriculture:fluix_plant",
        "mysticalagriculture:fluorite_plant",
        "mysticalagriculture:ghast_plant",
        "mysticalagriculture:glowstone_plant",
        "mysticalagriculture:gold_plant",
        "mysticalagriculture:graphite_plant",
        "mysticalagriculture:hop_graphite_plant",
        "mysticalagriculture:ice_plant",
        "mysticalagriculture:inferium_plant",
        "mysticalagriculture:invar_plant",
        "mysticalagriculture:iridium_plant",
        "mysticalagriculture:iron_plant",
        "mysticalagriculture:ironwood_plant",
        "mysticalagriculture:lapis_lazuli_plant",
        "mysticalagriculture:lead_plant",
        "mysticalagriculture:limestone_plant",
        "mysticalagriculture:lumium_plant",
        "mysticalagriculture:manasteel_plant",
        "mysticalagriculture:manyullyn_plant",
        "mysticalagriculture:marble_plant",
        "mysticalagriculture:mithril_plant",
        "mysticalagriculture:mystical_flower_plant",
        "mysticalagriculture:nature_plant",
        "mysticalagriculture:nether_plant",
        "mysticalagriculture:nether_quartz_plant",
        "mysticalagriculture:netherite_plant",
        "mysticalagriculture:nickel_plant",
        "mysticalagriculture:niotic_crystal_plant",
        "mysticalagriculture:obsidian_plant",
        "mysticalagriculture:osmium_plant",
        "mysticalagriculture:pig_iron_plant",
        "mysticalagriculture:pig_plant",
        "mysticalagriculture:platinum_plant",
        "mysticalagriculture:prismarine_plant",
        "mysticalagriculture:quartz_enriched_iron_plant",
        "mysticalagriculture:queens_slime_plant",
        "mysticalagriculture:rabbit_plant",
        "mysticalagriculture:redstone_plant",
        "mysticalagriculture:refined_glowstone_plant",
        "mysticalagriculture:refined_obsidian_plant",
        "mysticalagriculture:rock_crystal_plant",
        "mysticalagriculture:rose_gold_plant",
        "mysticalagriculture:rubber_plant",
        "mysticalagriculture:ruby_plant",
        "mysticalagriculture:saltpeter_plant",
        "mysticalagriculture:sapphire_plant",
        "mysticalagriculture:sheep_plant",
        "mysticalagriculture:signalum_plant",
        "mysticalagriculture:silicon_plant",
        "mysticalagriculture:silver_plant",
        "mysticalagriculture:skeleton_plant",
        "mysticalagriculture:sky_stone_plant",
        "mysticalagriculture:slime_plant",
        "mysticalagriculture:slimesteel_plant",
        "mysticalagriculture:spider_plant",
        "mysticalagriculture:spirited_crystal_plant",
        "mysticalagriculture:squid_plant",
        "mysticalagriculture:starmetal_plant",
        "mysticalagriculture:steel_plant",
        "mysticalagriculture:steeleaf_plant",
        "mysticalagriculture:stone_plant",
        "mysticalagriculture:sulfur_plant",
        "mysticalagriculture:terrasteel_plant",
        "mysticalagriculture:tin_plant",
        "mysticalagriculture:tinkers_bronze_plant",
        "mysticalagriculture:titanium_plant",
        "mysticalagriculture:tungsten_plant",
        "mysticalagriculture:turtle_plant",
        "mysticalagriculture:uraninite_plant",
        "mysticalagriculture:uranium_plant",
        "mysticalagriculture:water_plant",
        "mysticalagriculture:wither_skeleton_plant",
        "mysticalagriculture:wood_plant",
        "mysticalagriculture:yellorium_plant",
        "mysticalagriculture:zinc_plant",
        "mysticalagriculture:zombie_plant",
        "mysticalagradditions:dragon_egg_plant",
        "mysticalagradditions:nether_star_plant",
        "mysticalagradditions:nitro_crystal_plant"
      ]
    },
    "particles": [
      {
        "amount": 2,
        "when": [
          "positive"
        ],
        "particle": "minecraft:happy_villager",
        "delta_x": 0.6,
        "delta_y": 0.4,
        "delta_z": 0.6
      },
      {
        "amount": 2,
        "when": [
          "negative"
        ],
        "particle": "minecraft:smoke",
        "delta_x": 0.6,
        "delta_y": 0.4,
        "delta_z": 0.6
      }
    ]
  }
}
