{
  "path": "vanilla/plants/bamboo_plant.json",
  "version": "1.16.4",
  "json_documentation": "https://agridocs.readthedocs.io/en/master/agri_plant/",
  "enabled": true,
  "mods": [
    "agricraft",
    "minecraft"
  ],
  "id": "vanilla:bamboo_plant",
  "plant_lang_key": "agricraft.plant.bamboo.name",
  "seed_lang_key": "agricraft.plant.bamboo.seed",
  "desc_lang_key": "agricraft.plant.bamboo.desc",
  "seed_items": [
    {
      "overridePlanting": false,
      "type": "item",
      "object": "minecraft:bamboo",
      "useTag": false,
      "data": "",
      "ignoredData": [
        "*"
      ]
    }
  ],
  "stages": [
    3,
    6,
    9,
    12,
    15,
    18,
    21,
    24
  ],
  "harvestStage": 4,
  "growth_chance": 0.9,
  "growth_bonus": 0.01,
  "tier": 1,
  "cloneable": true,
  "spread_chance": 0.1,
  "grass_drop_chance": 0.0,
  "seed_drop_chance": 1.0,
  "seed_drop_bonus": 0.0,
  "products": {
    "products": [
      {
        "min": 1,
        "max": 2,
        "chance": 1000.0,
        "required": true,
        "type": "item",
        "object": "minecraft:bamboo",
        "useTag": false,
        "data": "",
        "ignoredData": []
      }
    ]
  },
  "clip_products": {
    "products": []
  },
  "requirement": {
    "soil_humidity": {
      "condition": "damp",
      "type": "equal",
      "tolerance_factor": 0.4
    },
    "soil_acidity": {
      "condition": "slightly_acidic",
      "type": "equal",
      "tolerance_factor": 0.4
    },
    "soil_nutrients": {
      "condition": "medium",
      "type": "equal_or_higher",
      "tolerance_factor": 0.4
    },
    "min_light": 10,
    "max_light": 16,
    "light_tolerance_factor": 0.5,
    "seasons": [
      "spring",
      "summer"
    ],
    "conditions": [],
    "fluid": {
      "type": "fluid",
      "object": "minecraft:empty",
      "useTag": false,
      "data": "",
      "ignoredData": []
    }
  },
  "callbacks": [],
  "texture": {
    "render_type": "plus",
    "plant_models": [],
    "plant_textures": [
      [
        "minecraft:block/bamboo_stage0"
      ],
      [
        "agricraft:plant/bamboo1"
      ],
      [
        "agricraft:plant/bamboo2"
      ],
      [
        "agricraft:plant/bamboo3"
      ],
      [
        "agricraft:plant/bamboo4",
        "agricraft:plant/bamboo_base"
      ],
      [
        "agricraft:plant/bamboo5",
        "agricraft:plant/bamboo_base"
      ],
      [
        "agricraft:plant/bamboo6",
        "agricraft:plant/bamboo_base"
      ],
      [
        "agricraft:plant/bamboo7",
        "agricraft:plant/bamboo_base"
      ]
    ]
  },
  "seed_texture": "agricraft:seed/bamboo",
  "seed_model": "agricraft:seed/bamboo",
  "particle_effects": []
}
