{
  "path": "vanilla/plants/nether_wart_plant.json",
  "version": "1.16.4",
  "json_documentation": "https://agridocs.readthedocs.io/en/master/agri_plant/",
  "enabled": true,
  "mods": [
    "agricraft",
    "minecraft"
  ],
  "id": "vanilla:nether_wart_plant",
  "plant_lang_key": "agricraft.plant.nether_wart.name",
  "seed_lang_key": "agricraft.plant.nether_wart.seed",
  "desc_lang_key": "agricraft.plant.nether_wart.desc",
  "seed_items": [
    {
      "overridePlanting": true,
      "type": "item",
      "object": "minecraft:nether_wart",
      "useTag": false,
      "data": "",
      "ignoredData": [
        "*"
      ]
    }
  ],
  "stages": [
    2,
    4,
    6,
    8,
    10,
    12,
    14,
    16
  ],
  "harvestStage": 4,
  "growth_chance": 0.65,
  "growth_bonus": 0.025,
  "tier": 2,
  "cloneable": true,
  "spread_chance": 0.1,
  "grass_drop_chance": 0.0,
  "seed_drop_chance": 1.0,
  "seed_drop_bonus": 0.0,
  "products": {
    "products": [
      {
        "min": 1,
        "max": 3,
        "chance": 0.95,
        "required": true,
        "type": "item",
        "object": "minecraft:nether_wart",
        "useTag": false,
        "data": "",
        "ignoredData": []
      }
    ]
  },
  "clip_products": {
    "products": []
  },
  "requirement": {
    "soil_humidity": {
      "condition": "arid",
      "type": "equal",
      "tolerance_factor": 0.15
    },
    "soil_acidity": {
      "condition": "neutral",
      "type": "equal",
      "tolerance_factor": 0.2
    },
    "soil_nutrients": {
      "condition": "high",
      "type": "equal_or_higher",
      "tolerance_factor": 0.1
    },
    "min_light": 0,
    "max_light": 8,
    "light_tolerance_factor": 0.5,
    "seasons": [
      "spring",
      "summer",
      "autumn",
      "winter"
    ],
    "conditions": [],
    "fluid": {
      "type": "fluid",
      "object": "minecraft:empty",
      "useTag": false,
      "data": "",
      "ignoredData": []
    }
  },
  "callbacks": [],
  "texture": {
    "render_type": "hash",
    "plant_models": [],
    "plant_textures": [
      [
        "minecraft:block/nether_wart_stage0"
      ],
      [
        "minecraft:block/nether_wart_stage0"
      ],
      [
        "minecraft:block/nether_wart_stage0"
      ],
      [
        "minecraft:block/nether_wart_stage1"
      ],
      [
        "minecraft:block/nether_wart_stage1"
      ],
      [
        "minecraft:block/nether_wart_stage1"
      ],
      [
        "minecraft:block/nether_wart_stage1"
      ],
      [
        "minecraft:block/nether_wart_stage2"
      ]
    ]
  },
  "seed_texture": "agricraft:seed/nether_wart",
  "seed_model": "agricraft:seed/nether_wart",
  "particle_effects": []
}
