{
  "path": "vanilla/plants/wither_rose_plant.json",
  "version": "1.16.4",
  "json_documentation": "https://agridocs.readthedocs.io/en/master/agri_plant/",
  "enabled": true,
  "mods": [
    "agricraft",
    "minecraft"
  ],
  "id": "vanilla:wither_rose_plant",
  "plant_lang_key": "agricraft.plant.wither_rose.name",
  "seed_lang_key": "agricraft.plant.wither_rose.seed",
  "desc_lang_key": "agricraft.plant.wither_rose.desc",
  "seed_items": [],
  "stages": [
    2,
    4,
    6,
    8,
    10,
    12,
    14,
    16
  ],
  "harvestStage": 4,
  "growth_chance": 0.65,
  "growth_bonus": 0.025,
  "tier": 2,
  "cloneable": true,
  "spread_chance": 0.1,
  "grass_drop_chance": 0.0,
  "seed_drop_chance": 1.0,
  "seed_drop_bonus": 0.0,
  "products": {
    "products": [
      {
        "min": 1,
        "max": 1,
        "chance": 0.75,
        "required": true,
        "type": "item",
        "object": "minecraft:black_dye",
        "useTag": false,
        "data": "",
        "ignoredData": []
      }
    ]
  },
  "clip_products": {
    "products": [
      {
        "min": 0,
        "max": 1,
        "chance": 0.5,
        "required": true,
        "type": "item",
        "object": "minecraft:wither_rose",
        "useTag": false,
        "data": "",
        "ignoredData": []
      }
    ]
  },
  "requirement": {
    "soil_humidity": {
      "condition": "damp",
      "type": "equal",
      "tolerance_factor": 0.2
    },
    "soil_acidity": {
      "condition": "slightly_acidic",
      "type": "equal",
      "tolerance_factor": 0.2
    },
    "soil_nutrients": {
      "condition": "very_high",
      "type": "equal_or_higher",
      "tolerance_factor": 0.2
    },
    "min_light": 10,
    "max_light": 16,
    "light_tolerance_factor": 0.5,
    "seasons": [
      "spring"
    ],
    "conditions": [],
    "fluid": {
      "type": "fluid",
      "object": "minecraft:empty",
      "useTag": false,
      "data": "",
      "ignoredData": []
    }
  },
  "callbacks": [
    "agricraft:withering"
  ],
  "texture": {
    "render_type": "hash",
    "plant_models": [],
    "plant_textures": [
      [
        "agricraft:plant/wither_rose1"
      ],
      [
        "agricraft:plant/wither_rose1"
      ],
      [
        "agricraft:plant/wither_rose2"
      ],
      [
        "agricraft:plant/wither_rose2"
      ],
      [
        "agricraft:plant/wither_rose2"
      ],
      [
        "agricraft:plant/wither_rose3"
      ],
      [
        "agricraft:plant/wither_rose3"
      ],
      [
        "agricraft:plant/wither_rose4"
      ]
    ]
  },
  "seed_texture": "agricraft:seed/wither_rose",
  "seed_model": "agricraft:seed/wither_rose",
  "particle_effects": [
    {
      "probability": 0.4,
      "stages": [
        7
      ],
      "particle": "minecraft:smoke",
      "delta_x": 0.3,
      "delta_y": 0.4,
      "delta_z": 0.3
    }
  ]
}
