{
  "path": "vanilla/soils/crimson_nylium_soil.json",
  "version": "1.16.4",
  "json_documentation": "https://agridocs.readthedocs.io/en/master/agri_soil/",
  "enabled": true,
  "mods": [
    "agricraft",
    "minecraft"
  ],
  "id": "crimson_nylium_soil",
  "lang_key": "agricraft.soil.crimson_nylium.name",
  "varients": [
    {
      "type": "block",
      "object": "minecraft:crimson_nylium",
      "useTag": false,
      "data": "",
      "ignoredData": [
        "*"
      ]
    }
  ],
  "humidity": "arid",
  "acidity": "highly_acidic",
  "nutrients": "low",
  "growth_modifier": 0.75
}
