{
  "path": "vanilla/soils/podzol_soil.json",
  "version": "1.16.4",
  "json_documentation": "https://agridocs.readthedocs.io/en/master/agri_soil/",
  "enabled": true,
  "mods": [
    "agricraft",
    "minecraft"
  ],
  "id": "podzol_soil",
  "lang_key": "agricraft.soil.podzol.name",
  "varients": [
    {
      "type": "block",
      "object": "minecraft:podzol",
      "useTag": false,
      "data": "",
      "ignoredData": [
        "*"
      ]
    }
  ],
  "humidity": "damp",
  "acidity": "slightly_acidic",
  "nutrients": "very_high",
  "growth_modifier": 1.1
}
