{
  "path": "mod_biomesoplenty/plants/burning_blossom_plant.json",
  "version": "1.16.4",
  "json_documentation": "https://agridocs.readthedocs.io/en/master/agri_plant/",
  "enabled": true,
  "mods": [
    "biomesoplenty",
    "agricraft",
    "minecraft"
  ],
  "id": "biomesoplenty:burning_blossom_plant",
  "plant_lang_key": "block.biomesoplenty.burning_blossom",
  "seed_lang_key": "agricraft.plant.biomesoplenty_burning_blossom.seed",
  "desc_lang_key": "agricraft.plant.biomesoplenty_burning_blossom.desc",
  "seed_items": [],
  "stages": [
    2,
    3,
    5,
    6,
    8,
    9,
    11,
    12
  ],
  "harvestStage": 4,
  "growth_chance": 0.75,
  "growth_bonus": 0.025,
  "tier": 2,
  "cloneable": true,
  "spread_chance": 0.1,
  "grass_drop_chance": 0.0,
  "seed_drop_chance": 1.0,
  "seed_drop_bonus": 0.0,
  "products": {
    "products": [
      {
        "min": 1,
        "max": 1,
        "chance": 0.75,
        "required": true,
        "type": "item",
        "object": "minecraft:orange_dye",
        "useTag": false,
        "data": "",
        "ignoredData": []
      }
    ]
  },
  "clip_products": {
    "products": [
      {
        "min": 0,
        "max": 1,
        "chance": 0.5,
        "required": true,
        "type": "item",
        "object": "biomesoplenty:burning_blossom",
        "useTag": false,
        "data": "",
        "ignoredData": []
      }
    ]
  },
  "requirement": {
    "soil_humidity": {
      "condition": "damp",
      "type": "equal",
      "tolerance_factor": 0.2
    },
    "soil_acidity": {
      "condition": "slightly_acidic",
      "type": "equal",
      "tolerance_factor": 0.2
    },
    "soil_nutrients": {
      "condition": "very_high",
      "type": "equal_or_higher",
      "tolerance_factor": 0.2
    },
    "min_light": 10,
    "max_light": 16,
    "light_tolerance_factor": 0.5,
    "seasons": [
      "summer",
      "autumn"
    ],
    "conditions": [],
    "fluid": {
      "type": "fluid",
      "object": "minecraft:empty",
      "useTag": false,
      "data": "",
      "ignoredData": []
    }
  },
  "callbacks": [
    "agricraft:burn"
  ],
  "texture": {
    "render_type": "plus",
    "plant_models": [],
    "plant_textures": [
      [
        "agricraft:plant/biomesoplenty/burning_blossom0"
      ],
      [
        "agricraft:plant/biomesoplenty/burning_blossom0"
      ],
      [
        "agricraft:plant/biomesoplenty/burning_blossom0"
      ],
      [
        "agricraft:plant/biomesoplenty/burning_blossom1"
      ],
      [
        "agricraft:plant/biomesoplenty/burning_blossom1"
      ],
      [
        "agricraft:plant/biomesoplenty/burning_blossom2"
      ],
      [
        "agricraft:plant/biomesoplenty/burning_blossom2"
      ],
      [
        "biomesoplenty:block/burning_blossom"
      ]
    ]
  },
  "seed_texture": "agricraft:seed/biomesoplenty/burning_blossom",
  "seed_model": "agricraft:seed/biomesoplenty/burning_blossom",
  "particle_effects": [
    {
      "probability": 0.125,
      "stages": [
        7
      ],
      "particle": "minecraft:flame",
      "delta_x": 0.5,
      "delta_y": 0.75,
      "delta_z": 0.5
    },
    {
      "probability": 0.25,
      "stages": [
        7
      ],
      "particle": "minecraft:smoke",
      "delta_x": 0.5,
      "delta_y": 0.75,
      "delta_z": 0.5
    }
  ]
}
